"Date","Harvest","Measurement","pot","treatment","rep","line","order","genotype","total_biomass","tassel_fw","earno.","ear_fw","Leaf.tip","tot_leaf","deltaP","eark_l","eark_w","est_kernel","earleaf","Collars","Node.Base","peduncle.base","peduncleheight","eardweightav","pandweight","anthesisadj","silkingadj","Silking","Anthesis","tt_HG_silk","tt_HG_anth","ttasi","harv2silk","harv2anth","finicoll","silk","anthes","fini"
2024-04-04,"1","1","1668","nightbreak","1","2","17","B73",500,NA,1,NA,20,20,6,40,15,600,14,20,4,211,211,NA,1.088,NA,NA,NA,NA,NA,NA,NA,NA,NA,"1","0","0","0"
2024-04-08,"2","1","1842","control","1","1","4","2369",468,2.606,NA,16.562,17,17,5,44,14,616,12,17,4,247,247,NA,NA,2024-04-05,2024-04-05,2024-04-05,2024-04-05,65.394910310508,65.394910310508,0,3,3,"1","1","1","1"
2024-04-08,"2","2","1485","control","1","1","13","B73",498,2.997,NA,11.674,19,19,6,41,14,574,13,19,4,225.5,225.5,NA,NA,2024-04-07,2024-04-04,2024-04-04,2024-04-07,65.3357157684216,68.8288986938638,-3.49318292544221,4,1,"1","1","1","1"
2024-04-08,"2","3","1603","control","1","2","22","LH123Ht",339,3.915,NA,19.38,17,17,6,37,12,444,11,17,3,262.5,262.5,2.099,1.24,2024-04-04,2024-04-04,2024-04-04,2024-04-04,64.2109756872823,64.2109756872823,0,4,4,"1","1","1","1"
2024-04-08,"2","4","1486","control","1","2","16","BA90",375,2.302,NA,12.11,16,16,5,42,12,504,11,16,4,199,199,0.526,0.79,2024-03-29,2024-04-03,2024-04-03,2023-05-29,64.0818942775134,57.653851716365,6.4280425611484,5,10,"1","1","1","1"
2024-04-08,"2","5","1913","control","2","1","7","B73",532,5.17,NA,9.457,18,18,6,33,18,594,12,18,4,225.5,225.5,0.95,1.58,2024-04-05,2024-04-05,2024-04-05,2024-04-05,65.394910310508,65.394910310508,0,3,3,"1","1","1","1"
2024-04-08,"2","6","1482","control","2","2","27","LH123Ht",440,5.596,NA,20.074,17,17,6,39,12,468,11,17,3,237,237,2.05,1.61,2024-04-04,2024-04-04,2024-04-04,2024-04-04,64.2109756872823,64.2109756872823,0,4,4,"1","1","1","1"
2024-04-08,"2","6","1841","control","1","1","3","CML341",490,7.571,NA,14.856,16,16,5,35,12,420,11,16,4,190,190,0.85,2.4,2024-04-05,2024-04-05,2024-04-05,2024-04-05,65.394910310508,65.394910310508,0,3,3,"1","1","1","1"
2024-04-08,"2","7","1915","control","2","1","9","2369",498,1.509,NA,23.234,17,17,5,48,12,576,12,17,3,241,241,1.2255,0.39,2024-04-05,2024-04-05,2024-04-05,2024-04-05,66.5196503916474,66.5196503916474,0,3,3,"1","1","1","1"
2024-04-08,"2","8","1483","control","1","2","26","Tzi9",444,12.476,NA,13.891,19,19,8,45,16,720,11,19,4,230,230,1.384,5.07,2024-04-05,2024-04-06,2024-04-06,2024-04-05,67.6821190740032,66.5196503916474,1.16246868235579,2,3,"1","1","1","1"
2024-04-08,"2","9","1723","control","2","1","1","BA90",400,2.164,3,23.204,16,16,5,38,12,456,11,16,4,152.5,152.5,0.809,0.62,2024-03-26,2024-03-27,2023-05-27,2023-05-26,55.224306061061,54.1283528647759,1.0959531962851,12,13,"1","1","1","1"
2024-04-09,"3","1","1904","nightbreak","2","3","38","B73",581,3.961,1,10.471,21,21,NA,34,18,612,NA,21,4,NA,NA,1.086,1.19,2024-04-08,2024-04-06,2024-04-06,2024-04-08,66.5573789928639,68.991197250248,-2.4338182573841,3,1,"1","1","1","1"
2024-04-09,"3","2","1911","control","3","5","65","LH123Ht",399,4.566,1,9.2,17,17,6,42,12,504,11,15,3,283,283,0.3845,1.304,2024-04-06,2024-04-04,2024-04-04,2024-04-06,64.2109756872823,66.5573789928639,-2.3464033055816,5,3,"0","1","1","1"
2024-04-09,"3","3","1912","control","2","5","66","CML341",600,17.165,1,14.005,19,19,NA,39,14,546,NA,19,5,NA,NA,1.637,6.56,2024-04-07,2024-04-05,2024-04-05,2024-04-07,65.394910310508,67.7041586127245,-2.3092483022165,4,2,"1","1","1","1"
2024-04-09,"3","4","1785","nightbreak","3","3","40","B73",552,1.904,2,14.696,20,20,6,37,16,592,14,20,4,255,255,0.7765,0.49,2024-04-09,2024-04-05,2024-04-05,2024-04-09,66.5196503916474,71.4289784513003,-4.90932805965289,4,0,"1","1","1","1"
2024-04-09,"3","5","1599","control","3","6","78","B73",469,1.725,1,14.213,18,18,6,33,18,594,12,18,3,297.5,297.5,1.583,0.5,2024-04-04,2024-04-05,2024-04-05,2024-04-04,66.5196503916474,65.3357157684216,1.18393462322581,4,5,"1","1","1","1"
2024-04-09,"3","6","1905","nightbreak","1","7","96","BA90",446,2.427,1,9.966,17,17,5,34,10,340,12,17,4,241.5,241.5,0.877,1.03,2024-04-03,2024-04-04,2024-04-04,2024-04-03,64.2109756872823,62.9571541963741,1.2538214909082,5,6,"1","1","1","1"
2024-04-09,"3","7","1848","control","4","6","71","B73",538,2.508,1,15.53,18,18,7,34,18,612,11,18,4,290,290,1.473,0.67,2024-04-03,2024-04-04,2024-04-04,2024-04-03,65.3357157684216,64.0818942775134,1.25382149090819,5,6,"1","1","1","1"
2024-04-09,"3","8","1604","control","5","2","21","B73",484,1.805,1,8.322,19,19,7,32,18,576,12,19,3,268,268,0.988,0.5,2024-04-05,2024-04-07,2024-04-07,2024-04-05,68.8288986938638,66.5196503916474,2.3092483022164,2,4,"1","1","1","1"
2024-04-09,"3","9","1608","control","3","8","100","2369",469,1.87,1,9.503,18,18,6,43,12,516,12,18,3,237.5,237.5,0.414,0.55,2024-04-05,2024-04-08,2024-04-08,2024-04-05,68.991197250248,65.394910310508,3.59628693974001,1,4,"1","1","1","1"
2024-04-09,"3","10","1773","nightbreak","1","11","143","LH123Ht",492,7.475,1,16.12,18,18,6,33,12,396,12,18,3,258,258,1.804,2.45,2024-04-05,2024-04-08,2024-04-08,2024-04-05,68.991197250248,65.394910310508,3.59628693974001,1,4,"1","1","1","1"
2024-04-09,"3","11","1544","nightbreak","1","4","49","2369",440,2.691,1,8.422,19,19,5,43,12,516,14,19,3,230,230,0.996,0.92,2024-04-08,2024-04-07,2024-04-07,2024-04-08,67.7041586127245,68.991197250248,-1.28703863752351,2,1,"1","1","1","1"
2024-04-09,"3","12","1717","control","3","6","76","CML341",731,20.835,1,11.699,21,21,7,42,14,588,14,21,1,237.5,237.5,1.409,7.32,2024-04-06,2024-04-06,2024-04-06,2024-04-06,66.5573789928639,66.5573789928639,0,3,3,"1","1","1","1"
2024-04-09,"3","13","1780","nightbreak","2","7","90","LH123Ht",492,6.263,1,18.66,18,18,6,38,14,532,12,18,2,289,289,1.967,1.87,2024-04-06,2024-04-05,2024-04-05,2024-04-06,65.394910310508,66.5573789928639,-1.16246868235591,4,3,"1","1","1","1"
2024-04-09,"3","14","1658","nightbreak","3","8","103","LH123Ht",397,4.782,1,13.198,18,18,7,31,12,372,11,18,3,250,250,1.493,1.46,2024-04-05,2024-04-06,2024-04-06,2024-04-05,66.5573789928639,65.394910310508,1.16246868235591,3,4,"1","1","1","1"
2024-04-09,"3","15","1479","control","4","6","82","2369",471,1.248,1,22.836,17,17,6,45,14,630,11,17,3,265,265,2.528,0.35,2024-04-04,2024-04-05,2024-04-05,2024-04-04,65.394910310508,64.2109756872823,1.1839346232257,4,5,"1","1","1","1"
2024-04-09,"3","16","1858","control","4","9","120","LH123Ht",419,4.755,1,20.635,17,17,7,37,14,518,10,17,2,207,207,2.2,1.57,2024-04-03,2024-04-04,2024-04-04,2024-04-03,65.3357157684216,64.0818942775134,1.25382149090819,5,6,"1","1","1","1"
2024-04-09,"3","17","1478","control","6","6","83","B73",584,2.274,1,16.836,19,19,7,36,20,720,12,19,3,284,284,1.698,0.63,2024-04-04,2024-04-04,2024-04-04,2024-04-04,64.2109756872823,64.2109756872823,0,5,5,"1","1","1","1"
2024-04-09,"3","18","1661","nightbreak","4","4","48","LH123Ht",376,6.199,1,12.164,18,18,7,40,12,480,11,18,3,263,263,1.37,1.95,2024-04-06,2024-04-06,2024-04-06,2024-04-06,67.6821190740032,67.6821190740032,0,3,3,"1","1","1","1"
2024-04-09,"3","19","1910","control","2","5","64","Tzi9",420,12.531,1,11,18,18,7,42,16,672,11,18,3,232,232,1.118,4.34,2024-04-06,2024-04-05,2024-04-05,2024-04-06,66.5196503916474,67.6821190740032,-1.16246868235579,4,3,"1","1","1","1"
2024-04-09,"3","20","1541","nightbreak","2","4","52","BA90",413,2.822,1,13.477,18,18,6,39,12,468,12,18,4,230,230,1.193,0.99,2024-04-01,2024-04-05,2024-04-05,2024-04-01,65.394910310508,60.2995473143377,5.09536299617029,4,8,"1","1","1","1"
2024-04-09,"3","21","1598","control","5","6","79","2369",350,0.675,1,7.045,17,17,6,40,14,560,11,17,3,206,206,1.032,0.19,2024-04-04,2024-04-08,2024-04-08,2024-04-04,68.991197250248,64.2109756872823,4.78022156296571,1,5,"1","1","1","1"
2024-04-09,"3","22","1834","control","7","9","116","B73",507,1.957,1,8.251,18,18,6,43,16,688,12,18,3,282,282,0.746,0.6,2024-04-02,2024-04-02,2024-04-02,2024-04-02,62.7293762478232,62.7293762478232,0,7,7,"1","1","1","1"
2024-04-11,"4","22","1474","control","1","0","0","CML277",410,6.818,2,16.61,17,17,5,39,12,468,12,17,3,194.5,194.5,0.995,2.37,2024-04-09,2024-04-08,2024-04-08,2024-04-09,70.1159373313873,71.4289784513003,-1.313041119913,3,2,"1","1","1","1"
2024-04-11,"4","21","1475","control","4","0","0","CML341",710,17.553,1,30.867,20,20,6,45,12,540,14,20,4,260.5,260.5,3.523,6.26,2024-04-07,2024-04-07,2024-04-07,2024-04-07,67.7041586127245,67.7041586127245,0,4,4,"1","1","1","1"
2024-04-11,"4","19","1487","control","3","0","0","Tzi9",505,20.673,1,7.645,19,19,7,42,16,672,12,19,4,239,239,0.747,7.24,2024-04-09,2024-04-09,2024-04-09,2024-04-09,71.4289784513003,71.4289784513003,0,2,2,"1","1","1","1"
2024-04-11,"4","24","1533","nightbreak","3","0","0","BA90",450,4.575,1,11.433,20,20,8,30,10,300,12,20,4,255,255,1.053,1.52,2024-04-02,2024-04-09,2024-04-09,2024-04-02,71.4289784513003,62.7293762478232,8.6996022034771,2,9,"1","1","1","1"
2024-04-11,"4","8","1535","nightbreak","1","0","0","Tzi9",582,17.07,1,8.951,20,20,7,43,14,602,13,20,5,224,224,0.968,5.86,2024-04-11,2024-04-11,2024-04-11,2024-04-11,74.0353357654462,74.0353357654462,0,0,0,"1","1","1","1"
2024-04-11,"4","5","1537","nightbreak","2","0","0","2369",520,2.5,1,19.766,19,19,6,45,12,540,13,19,3,250,250,1.838,0.73,2024-04-07,2024-04-09,2024-04-09,2024-04-07,71.4289784513003,68.8288986938638,2.60007975743649,2,4,"1","1","1","1"
2024-04-11,"4","29","1538","nightbreak","4","0","0","B73",544,3.387,1,8.756,20,20,9,32,16,512,11,20,3,265,265,0.766,1.09,2024-04-07,2024-04-07,2024-04-07,2024-04-07,68.8288986938638,68.8288986938638,0,4,4,"1","1","1","1"
2024-04-11,"4","1","1594","control","5","0","0","CML341",604,14.211,1,31.687,19,19,6,38,14,532,13,19,4,247,247,3.029,5.25,2024-04-04,2024-04-07,2024-04-07,2024-04-04,67.7041586127245,64.2109756872823,3.4931829254422,4,7,"1","1","1","1"
2024-04-11,"4","28","1595","control","2","0","0","CML277",358,7.337,1,5.3,16,16,5,38,10,380,11,16,3,202,202,0.643,2.53,2024-04-11,2024-04-11,2024-04-11,2024-04-11,72.9105956843068,72.9105956843068,0,0,0,"1","1","1","1"
2024-04-11,"4","20","1620","nightbreak","3","0","0","2369",477,4.1,1,16.634,18,18,6,42,16,672,12,18,4,234,234,1.1867,1.39,2024-04-05,2024-04-09,2024-04-09,2024-04-05,71.4289784513003,66.5196503916474,4.90932805965289,2,6,"1","1","1","1"
2024-04-11,"4","27","1654","nightbreak","1","0","0","CML341",526,4.683,1,11.293,19,19,6,32,12,384,13,19,4,163,163,1.323,1.5,2024-04-11,2024-04-07,2024-04-07,2024-04-11,66.6295645651109,71.8360016366932,-5.2064370715823,4,0,"1","1","1","1"
2024-04-11,"4","25","1659","nightbreak","2","0","0","CML341",350,5.498,1,8.819,19,19,7,26,12,312,12,19,4,154,154,4.332,0.7,2024-04-08,2024-04-05,2024-04-05,2024-04-08,65.394910310508,68.991197250248,-3.59628693974001,6,3,"1","1","1","1"
2024-04-11,"4","4","1660","nightbreak","4","0","0","BA90",398,4.145,1,13.463,19,19,7,35,12,420,12,19,4,228,228,1.209,1.42,2024-03-31,2024-04-06,2024-04-06,2023-05-31,67.6821190740032,60.1584545340362,7.52366453996699,5,11,"1","1","1","1"
2024-04-11,"4","12","1662","nightbreak","4","0","0","2369",479,1.622,1,18.807,19,19,6,44,14,616,13,19,4,247.5,247.5,2.246,0.45,2024-04-09,2024-04-08,2024-04-08,2024-04-09,68.991197250248,70.304238370161,-1.313041119913,3,2,"1","1","1","1"
2024-04-11,"4","23","1671","nightbreak","5","0","0","B73",508,2.345,1,16.131,19,19,6,36,16,576,13,19,3,279.5,279.5,1.846,0.66,2024-04-04,2024-04-06,2024-04-06,2024-04-04,67.6821190740032,65.3357157684216,2.3464033055816,5,7,"1","1","1","1"
2024-04-11,"4","26","1672","nightbreak","5","0","0","2369",485,1.315,1,14.939,18,18,6,42,16,672,12,18,3,261,261,1.835,0.33,2024-04-08,2024-04-09,2024-04-09,2024-04-08,71.4289784513003,70.1159373313873,1.313041119913,2,3,"1","1","1","1"
2024-04-11,"4","11","1675","nightbreak","3","0","0","CML341",681,13.302,1,10.506,21,21,7,47,14,658,14,21,4,271,271,1.404,4.56,2024-04-09,2024-04-09,2024-04-09,2024-04-09,70.304238370161,70.304238370161,0,2,2,"1","1","1","1"
2024-04-11,"4","2","1677","nightbreak","6","0","0","2369",474,0.643,2,30.096,19,19,6,45,14,630,13,19,3,215,215,3.375,0.12,NA,2024-04-07,2024-04-07,NA,68.8288986938638,NA,NA,4,NA,"1","1","0","0"
2024-04-11,"4","9","1720","control","3","0","0","BA90",380,2.295,1,6.678,15,15,4,42,12,504,11,15,4,211,211,0.417,0.78,2024-03-28,2024-03-26,2023-05-26,2023-05-28,54.1283528647759,56.3596262558202,-2.2312733910443,16,14,"1","1","1","1"
2024-04-11,"4","6","1722","control","4","0","0","Tzi9",474,17.506,1,8,18,18,7,40,19,760,11,18,3,239,239,0.782,6.38,2024-04-08,2024-04-11,2024-04-11,2024-04-08,74.0353357654462,70.1159373313873,3.91939843405891,0,3,"1","1","1","1"
2024-04-11,"4","17","1774","nightbreak","6","0","0","B73",591,3.321,1,17.169,20,20,6,33,18,594,14,20,3,270.5,270.5,2.155,0.99,2024-04-07,2024-04-07,2024-04-07,2024-04-07,68.8288986938638,68.8288986938638,0,4,4,"1","1","1","1"
2024-04-11,"4","3","1784","nightbreak","5","0","0","BA90",483,3.902,1,12.035,20,20,8,38,10,380,12,20,4,250,250,1.061,1.12,2024-04-03,2024-04-05,2024-04-05,2024-04-03,66.5196503916474,64.0818942775134,2.437756114134,6,8,"1","1","1","1"
2024-04-11,"4","13","1835","control","5","0","0","LH123Ht",440,4.461,1,32.178,17,17,7,41,12,492,10,17,3,279,279,3.955,1.52,2024-04-03,2024-04-06,2024-04-06,2024-04-03,66.5573789928639,62.9571541963741,3.6002247964898,5,8,"1","1","1","1"
2024-04-11,"4","14","1859","control","8","0","0","B73",558,2.41,1,38.832,19,19,6,39,18,702,13,19,3,286,286,NA,NA,2024-04-03,2024-04-04,2024-04-04,2024-04-03,65.3357157684216,64.0818942775134,1.25382149090819,7,8,"1","1","1","1"
2024-04-11,"4","18","1893","nightbreak","7","0","0","2369",543,5.366,1,10.773,19,19,6,41,14,574,13,19,4,245,245,1.245,1.64,2024-04-08,2024-04-08,2024-04-08,2024-04-08,68.991197250248,68.991197250248,0,3,3,"1","1","1","1"
2024-04-11,"4","15","1895","nightbreak","7","0","0","B73",587,3.78,1,23.795,19,19,6,37,16,592,13,19,3,277,277,2.685,1.14,2024-04-07,2024-04-06,2024-04-06,2024-04-07,67.6821190740032,68.8288986938638,-1.14677961986061,5,4,"1","1","1","1"
2024-04-11,"4","7","1898","nightbreak","2","0","0","Tzi9",544,16.485,1,8.672,19,19,6,46,16,736,13,19,4,224,224,1.144,5.32,2024-04-11,2024-04-10,2024-04-10,2024-04-11,72.7584529088551,74.0353357654462,-1.2768828565911,1,0,"1","1","1","1"
2024-04-11,"4","16","1901","nightbreak","8","0","0","B73",616,2.93,1,17.043,20,20,6,33,9,297,14,20,3,284.5,284.5,1.909,0.86,2024-04-09,2024-04-05,2024-04-05,2024-04-09,66.5196503916474,71.4289784513003,-4.90932805965289,6,2,"1","1","1","1"
2024-04-11,"4","10","1909","control","4","0","0","BA90",360,2.703,2,12.7,16,16,6,32,10,320,10,16,4,233.5,233.5,0.818,0.84,2024-03-25,2024-03-30,2023-05-30,2023-05-25,58.9707184016009,53.0872749104103,5.8834434911906,12,17,"1","1","1","1"
2024-04-13,"5","1","1776","nightbreak","4","11","146","CML341",805,14.352,1,4.252,21,21,6,40,14,560,15,21,4,211,211,0.587,5.01,NA,2024-04-11,2024-04-11,NA,72.9105956843068,NA,NA,2,NA,"1","1","0","0"
2024-04-13,"5","2","1713","control","5","10","132","BA90",376,2.425,2,12.084,15,15,5,42,10,420,10,15,4,198,198,0.4185,0.95,2024-03-25,2024-03-27,2023-05-27,2023-05-25,55.224306061061,53.0872749104103,2.1370311506507,17,19,"1","1","1","1"
2024-04-13,"5","3","1718","control","3","6","75","CML277",375,7.18,1,4.723,17,17,5,41,18,738,12,17,3,170,170,0.608,2.3,2024-04-12,2024-04-11,2024-04-11,2024-04-12,72.9105956843068,74.1889884485646,-1.2783927642578,2,1,"1","1","1","1"
2024-04-13,"5","4","1542","nightbreak","5","4","51","CML341",513,6.783,1,11.368,19,19,6,33,14,462,13,19,4,203,203,1.376,1.84,2024-04-09,2024-04-09,2024-04-09,2024-04-09,70.304238370161,70.304238370161,0,4,4,"1","1","1","1"
2024-04-13,"5","5","1906","nightbreak","5","8","101","LH123Ht",503,1.956,2,9.598,18,18,7,37,14,518,11,18,3,275,275,0.51,0.57,2024-04-08,2024-04-11,2024-04-11,2024-04-08,72.9105956843068,68.991197250248,3.91939843405879,2,5,"1","1","1","1"
2024-04-13,"5","6","1721","control","4","2","20","CML277",330,7.884,1,5.619,16,16,5,40,12,480,11,16,3,162,162,0.111,2.52,2024-04-11,2024-04-11,2024-04-11,2024-04-11,72.9105956843068,72.9105956843068,0,2,2,"1","1","1","1"
2024-04-13,"5","7","1547","nightbreak","6","7","95","CML341",500,4.958,1,4.268,18,18,5,30,12,360,13,18,4,180.5,180.5,0.521,1.44,NA,2024-04-11,2024-04-11,NA,71.8360016366932,NA,NA,2,NA,"1","1","0","0"
2024-04-13,"5","8","1840","control","5","5","62","CML277",350,5.722,1,5.058,17,17,6,40,12,480,11,17,3,187.5,187.5,0.641,1.9,2024-04-12,2024-04-12,2024-04-12,2024-04-12,74.1889884485646,74.1889884485646,0,1,1,"1","1","1","1"
2024-04-13,"5","9","1676","nightbreak","6","4","53","LH123Ht",415,4.526,1,20.967,18,18,7,38,12,456,11,18,2,283,283,2.351,1.51,2024-04-06,2024-04-05,2024-04-05,2024-04-06,65.394910310508,66.5573789928639,-1.16246868235591,8,7,"1","1","1","1"
2024-04-13,"5","10","1777","nightbreak","6","7","87","BA90",429,4.35,1,7.463,19,19,8,28,10,280,11,19,4,229.5,229.5,0.751,1.51,2024-04-02,2024-04-12,2024-04-12,2024-04-02,75.3137285297039,62.7293762478232,12.5843522818807,1,11,"1","1","1","1"
2024-04-13,"5","11","1726","control","6","10","128","2369",513,3.204,1,21.597,18,18,6,45,14,630,12,18,3,248.5,248.5,2.592,1.06,2024-04-06,2024-04-08,2024-04-08,2024-04-06,68.991197250248,66.5573789928639,2.4338182573841,5,7,"1","1","1","1"
2024-04-13,"5","12","1680","nightbreak","7","4","46","BA90",415,2.558,1,10.682,18,18,5,38,12,456,13,18,4,251,251,0.823,0.78,2024-04-02,2024-04-04,2024-04-04,2024-04-02,64.2109756872823,61.6046361666839,2.6063395205984,9,11,"1","1","1","1"
2024-04-13,"5","13","1783","nightbreak","3","3","33","Tzi9",590,14.862,1,12.213,19,19,6,47,16,752,13,19,4,250,250,1.593,5.26,2024-04-11,2024-04-10,2024-04-10,2024-04-11,72.7584529088551,74.0353357654462,-1.2768828565911,3,2,"1","1","1","1"
2024-04-15,"6","1","1618","nightbreak","4","12","159","Tzi9",519,16.755,1,10.313,20,20,7,39,16,624,13,20,4,220,220,1.408,6.04,2024-04-10,2024-04-12,2024-04-12,2024-04-10,75.3137285297039,72.7584529088551,2.55527562084879,3,5,"1","1","1","1"
2024-04-15,"6","1","1724","control","6","1","2","CML341",796,13.978,1,36.314,20,20,7,46,14,644,13,20,4,226,226,4.267,5.13,2024-04-05,2024-04-12,2024-04-12,2024-04-05,74.1889884485646,65.394910310508,8.7940781380566,3,10,"1","1","1","1"
2024-04-15,"6","2","1727","control","7","1","14","CML341",622,14.748,1,5.45,20,20,6,41,12,492,14,20,4,190.5,190.5,0.675,4.71,2024-04-13,2024-04-14,2024-04-14,2024-04-13,76.7722456668134,75.4856235516777,1.2866221151357,1,2,"1","1","1","1"
2024-04-15,"6","3","1548","nightbreak","5","8","102","Tzi9",563,12.456,1,10.516,21,21,8,43,14,602,13,21,4,268.5,268.5,1.438,4.52,2024-04-12,2024-04-13,2024-04-13,2024-04-12,76.6103636328171,75.3137285297039,1.2966351031132,2,3,"1","1","1","1"
2024-04-15,"6","4","1484","control","6","2","25","CML277",405,5.201,1,9.582,18,18,6,40,12,480,12,18,4,180.5,180.5,1.128,1.84,2024-04-14,2024-04-14,2024-04-14,2024-04-14,76.7722456668134,76.7722456668134,0,1,1,"1","1","1","1"
2024-04-15,"6","5","1779","nightbreak","6","7","89","Tzi9",546,14.435,2,26.406,19,19,6,47,14,658,13,19,4,243.5,243.5,1.5585,4.91,2024-04-11,2024-04-12,2024-04-12,2024-04-11,75.3137285297039,74.0353357654462,1.27839276425769,3,4,"1","1","1","1"
2024-04-15,"6","6","1605","control","7","5","69","CML277",397,5.501,2,13.957,17,17,5,37,12,444,12,17,4,159.5,159.5,1.035,2.54,2024-04-13,2024-04-13,2024-04-13,2024-04-13,75.4856235516777,75.4856235516777,0,2,2,"1","1","1","1"
2024-04-15,"6","7","1847","control","6","5","70","LH123Ht",450,4.396,2,13.432,17,17,7,34,14,476,10,17,3,263.5,263.5,0.508,2.41,2024-04-04,2024-04-13,2024-04-13,2024-04-04,75.4856235516777,64.2109756872823,11.2746478643954,2,11,"1","1","1","1"
2024-04-15,"6","8","1665","nightbreak","7","9","123","Tzi9",523,13.848,1,10.53,20,20,7,43,14,602,13,20,4,248,248,1.441,5.14,2024-04-11,2024-04-12,2024-04-12,2024-04-11,73.1143944009509,71.8360016366932,1.2783927642577,3,4,"1","1","1","1"
2024-04-15,"6","9","1845","control","8","3","42","CML341",785,13.48,1,27.696,19,19,6,40,16,640,13,19,4,261.5,261.5,3.161,5.06,2024-04-09,2024-04-12,2024-04-12,2024-04-09,74.1889884485646,70.304238370161,3.8847500784036,3,6,"1","1","1","1"
2024-04-15,"6","10","1902","nightbreak","8","3","36","Tzi9",527,13.429,1,28.861,19,19,7,40,14,560,12,19,3,255.5,255.5,3.296,4.77,2024-04-11,2024-04-11,2024-04-11,2024-04-11,72.9105956843068,72.9105956843068,0,4,4,"1","1","1","1"
2024-04-15,"6","11","1674","nightbreak","1","4","55","CML277",471,7.044,2,12.528,19,19,5,49,10,490,14,19,4,189.5,189.5,0.789,2.35,NA,2024-04-14,2024-04-14,NA,76.7722456668134,NA,NA,1,NA,"1","1","0","0"
2024-04-15,"6","12","1657","nightbreak","1","8","104","CML373",500,11.538,2,17.297,20,20,6,34,12,408,14,20,3,224,224,0.829,3.82,2024-04-15,2024-04-12,2024-04-12,2024-04-15,74.1889884485646,77.9971776933974,-3.8081892448328,3,0,"1","1","1","1"
2024-04-15,"6","13","1540","nightbreak","2","8","105","CML373",523,6.382,2,11.379,20,20,5,35,12,420,15,20,3,187,187,0.6555,1.79,NA,2024-04-14,2024-04-14,NA,76.7722456668134,NA,NA,1,NA,"1","1","0","0"
2024-04-15,"6","14","1473","control","7","10","140","2369",578,3.066,1,63.894,17,17,6,45,15,675,11,17,3,239,239,7.574,1,2024-04-04,2024-04-09,2024-04-09,2024-04-04,70.304238370161,64.2109756872823,6.0932626828787,6,11,"1","1","1","1"
2024-04-15,"6","15","1716","control","8","9","114","2369",504,1.762,1,12.374,17,17,6,43,16,688,11,17,4,212,212,1.15,0.46,2024-04-04,2024-04-11,2024-04-11,2024-04-04,72.9105956843068,64.2109756872823,8.6996199970245,4,11,"1","1","1","1"
2024-04-15,"6","16","1908","nightbreak","8","10","129","2369",624,3.318,1,44.571,19,19,6,46,12,552,13,19,3,247,247,2.608,1.07,2024-04-07,2024-04-09,2024-04-09,2024-04-07,70.304238370161,67.7041586127245,2.6000797574365,6,8,"1","1","1","1"
2024-04-15,"6","17","1897","nightbreak","7","7","91","CML341",962,15.301,1,3.298,21,21,6,37,13,481,15,21,4,267.5,267.5,0.466,5.12,2024-04-15,2024-04-15,2024-04-15,2024-04-15,77.9971776933974,77.9971776933974,0,0,0,"1","1","1","1"
2024-04-15,"6","18","1896","nightbreak","8","11","150","BA90",479,5.408,2,9.598,19,19,7,30,10,300,12,19,4,221,221,0.4065,1.99,2024-04-03,2024-04-14,2024-04-14,2024-04-03,77.8969857479528,64.0818942775134,13.8150914704394,1,12,"1","1","1","1"
2024-04-17,"7","1","1488","control","8","4","44","CML277",427,5.654,1,4.898,19,19,6,38,10,380,13,19,4,168.5,168.5,0.62,1.97,2024-04-17,2024-04-16,2024-04-16,2024-04-17,79.2278040029368,80.4096898122817,-1.18188580934491,1,0,"1","1","1","1"
2024-04-17,"7","2","1593","control","5","10","136","Tzi9",419,8.164,1,3.218,17,17,7,49,16,784,10,17,3,216.5,216.5,0.4,3.16,2024-04-04,NA,NA,2024-04-04,NA,65.3357157684216,NA,NA,13,"1","0","1","0"
2024-04-17,"7","3","1597","control","1","6","80","CML373",427,11.693,1,10.14,19,19,6,33,14,462,13,19,4,225.5,225.5,1.198,4.2,2024-04-16,2024-04-15,2024-04-15,2024-04-16,77.9971776933974,79.2278040029368,-1.23062630953939,2,1,"1","1","1","1"
2024-04-17,"7","4","1602","control","6","2","23","BA90",300,1.159,2,3.745,16,16,5,30,12,360,11,16,4,205,205,0.1715,0.42,2024-03-28,NA,NA,2023-05-28,NA,55.2348861746809,NA,NA,20,"1","0","1","0"
2024-04-17,"7","5","1476","control","2","10","137","CML373",550,11.772,2,24.08,19,19,5,38,14,532,14,19,4,224.5,224.5,1.4745,4.41,2024-04-17,2024-04-13,2024-04-13,2024-04-17,75.4856235516777,80.4096898122817,-4.92406626060399,4,0,"1","1","1","1"
2024-04-17,"7","6","1914","control","3","1","8","CML373",593,12.847,2,15.979,20,20,6,42,12,504,14,20,3,211,211,0.968,4.39,2024-04-17,2024-04-15,2024-04-15,2024-04-17,77.9971776933974,80.4096898122817,-2.41251211888429,2,0,"1","1","1","1"
2024-04-17,"7","7","1543","nightbreak","2","4","50","CML277",419,5.678,1,15.846,19,19,5,36,12,432,14,19,4,212,212,1.0005,2.04,2024-04-16,2024-04-14,2024-04-14,2024-04-16,77.8969857479528,80.3525440840761,-2.4555583361233,3,1,"1","1","1","1"
2024-04-17,"7","8","1714","control","4","10","131","CML373",547,13.483,1,27.743,19,19,6,39,14,546,13,19,3,221,221,2.953,4.78,2024-04-13,2024-04-12,2024-04-12,2024-04-13,74.1889884485646,75.4856235516777,-1.2966351031131,5,4,"1","1","1","1"
2024-04-17,"7","9","1678","nightbreak","8","2","18","CML341",761,12.646,2,6.025,20,20,4,39,10,390,16,20,4,246,246,0.4305,4.31,2024-04-14,2024-04-16,2024-04-16,2024-04-14,79.2278040029368,76.7722456668134,2.45555833612339,1,3,"1","1","1","1"
2024-04-17,"7","10","1477","control","1","6","84","Tzi8",254,5.665,NA,NA,16,16,NA,NA,NA,NA,NA,16,4,127,127,NA,1.58,NA,NA,NA,NA,NA,NA,NA,NA,NA,"1","0","0","0"
2024-04-17,"7","11","1778","nightbreak","3","7","88","CML277",481,5.669,2,9.774,18,18,5,43,10,430,13,18,3,192.5,192.5,1.203,2.03,2024-04-16,2024-04-14,2024-04-14,2024-04-16,75.6976516191998,78.1532099553231,-2.4555583361233,3,1,"1","1","1","1"
2024-04-17,"7","12","1673","nightbreak","3","4","56","CML373",513,17.43,2,NA,20,20,6,36,14,504,14,20,4,214,214,0.9645,6.05,2024-04-17,2024-04-14,2024-04-14,2024-04-17,76.7722456668134,80.4096898122817,-3.63744414546829,3,0,"1","1","1","1"
2024-04-17,"7","13","1836","control","7","9","118","BA90",330,1.649,1,4.25,16,16,5,31,10,310,11,16,4,218,218,0.1725,0.64,2024-03-28,NA,NA,2023-05-28,NA,56.3596262558202,NA,NA,20,"1","0","1","0"
2024-04-17,"7","14","1666","nightbreak","4","10","130","CML277",440,5.94,2,10.506,19,19,5,36,12,432,14,19,4,190,190,0.385,1.99,2024-04-17,2024-04-15,2024-04-15,2024-04-17,77.9971776933974,80.4096898122817,-2.41251211888429,2,0,"1","1","1","1"
2024-04-17,"7","15","1607","control","8","7","97","BA90",359,2.715,2,3.672,17,17,6,35,12,420,11,17,4,249.5,249.5,0.165,0.87,2024-03-30,NA,NA,2023-05-30,NA,57.8459783204616,NA,NA,18,"1","0","1","0"
2024-04-18,"8","1","1787","nightbreak","7","5","68","LH123Ht",470,4.34,1,9.489,18,18,7,28,12,336,11,18,3,277.5,277.5,1.176,1.5,2024-04-06,NA,NA,2024-04-06,NA,67.6821190740032,NA,NA,12,"1","0","1","0"
2024-04-18,"8","2","1839","control","6","5","61","Tzi9",514,6.75,1,2.892,17,17,7,40,16,640,10,17,4,252.5,252.5,NA,3.09,2024-04-04,NA,NA,2024-04-04,NA,65.3357157684216,NA,NA,14,"1","0","1","0"
2024-04-18,"8","3","1600","control","2","6","77","Tzi8",391,2.33,1,2.826,19,19,6,44,14,616,13,19,4,252,252,0.345,0.77,2024-04-16,NA,NA,2024-04-16,NA,79.2278040029368,NA,NA,2,"1","0","1","0"
2024-04-18,"8","4","1606","control","7","6","72","Tzi9",451,5.828,1,1.917,19,19,8,38,14,532,11,19,4,243,243,0.192,2.37,2024-04-07,NA,NA,2024-04-07,NA,68.8288986938638,NA,NA,11,"1","0","1","0"
2024-04-18,"8","5","1919","control","5","9","126","CML373",679,12.34,2,16.041,21,21,6,33,14,462,15,21,4,229.5,229.5,0.8775,3.93,NA,2024-04-17,2024-04-17,NA,80.4096898122817,NA,NA,1,NA,"1","1","0","0"
2024-04-18,"8","6","1719","control","6","5","57","CML373",591,18.841,1,16.47,20,20,6,40,14,560,14,20,4,219.5,219.5,1.99,6.85,2024-04-15,2024-04-13,2024-04-13,2024-04-15,75.4856235516777,77.9971776933974,-2.5115541417197,5,3,"1","1","1","1"
2024-04-18,"8","7","1481","control","3","2","28","Tzi8",567,8.391,2,8.848,20,20,6,47,16,752,14,20,3,262.5,262.5,0.5495,2.79,2024-04-17,NA,NA,2024-04-17,NA,79.3350957646681,NA,NA,1,"1","0","1","0"
2024-04-18,"8","8","1916","control","4","1","10","Tzi8",560,10.879,1,2.754,19,19,6,47,14,658,13,19,4,250,250,0.355,3.7,2024-04-16,NA,NA,2024-04-16,NA,78.1532099553231,NA,NA,2,"1","0","1","0"
2024-04-18,"8","9","1846","control","7","4","43","CML373",599,13.439,2,15.869,21,21,6,34,14,476,15,21,5,201,201,0.9315,4.41,NA,2024-04-17,2024-04-17,NA,80.4096898122817,NA,NA,1,NA,"1","1","0","0"
2024-04-18,"8","10","1663","nightbreak","1","3","29","CML258",473,11.679,1,7.674,21,21,5,41,10,410,16,21,4,164.5,164.5,0.886,3.53,NA,2024-04-18,2024-04-18,NA,82.6813235529288,NA,NA,0,NA,"1","1","0","0"
2024-04-18,"8","11","1775","nightbreak","5","11","145","CML277",477,6.715,2,17.124,18,18,5,41,12,492,13,18,4,202,202,0.9375,2.27,2024-04-18,2024-04-15,2024-04-15,2024-04-18,77.9971776933974,81.5565834717894,-3.55940577839199,3,0,"1","1","1","1"
2024-04-18,"8","12","1833","control","5","9","115","Tzi8",492,5.642,1,7.826,19,19,6,37,14,518,13,19,3,231,231,0.933,1.87,2024-04-14,2024-04-18,2024-04-18,2024-04-14,81.5565834717894,76.7722456668134,4.78433780497599,0,4,"1","1","1","1"
2024-04-18,"8","13","1664","nightbreak","4","3","30","CML373",492,14.412,2,15.181,20,20,4,31,14,434,16,20,3,211,211,0.8885,4.94,NA,2024-04-15,2024-04-15,NA,77.9971776933974,NA,NA,3,NA,"1","1","0","0"
2024-04-18,"8","14","1843","control","8","1","5","CML373",513,16.66,1,9.596,19,19,6,36,14,504,13,19,4,178.5,178.5,1.139,5.57,NA,2024-04-16,2024-04-16,NA,79.2278040029368,NA,NA,2,NA,"1","1","0","0"
2024-04-18,"8","15","1838","control","7","5","60","LH123Ht",446,4.376,2,5.528,17,17,7,38,12,456,10,17,3,267,267,0.2535,1.53,2024-04-03,NA,NA,2024-04-03,NA,64.0818942775134,NA,NA,15,"1","0","1","0"
2024-04-18,"8","16","1894","nightbreak","6","11","148","CML277",441,4.971,2,20.399,19,19,5,39,12,468,14,19,4,187,187,1.2025,1.68,2024-04-18,2024-04-16,2024-04-16,2024-04-18,79.2278040029368,81.5565834717894,-2.3287794688526,2,0,"1","1","1","1"
2024-04-18,"8","17","1619","nightbreak","5","12","158","CML373",491,14.416,2,14.192,21,21,6,35,14,490,15,21,4,220,220,0.8625,4.94,NA,2024-04-15,2024-04-15,NA,77.9971776933974,NA,NA,3,NA,"1","1","0","0"
2024-04-18,"8","18","1534","nightbreak","6","12","155","CML373",526,10.753,2,23.604,20,20,6,39,14,546,14,20,4,178,178,1.31,3.47,NA,2024-04-15,2024-04-15,NA,77.9971776933974,NA,NA,3,NA,"1","1","0","0"
2024-04-18,"8","19","1655","nightbreak","8","11","141","LH123Ht",467,4.626,2,17.519,18,18,6,30,14,420,12,18,3,271,271,1.265,1.68,2024-04-04,NA,NA,2024-04-04,NA,64.2109756872823,NA,NA,14,"1","0","1","0"
2024-04-18,"8","20","1788","nightbreak","7","6","73","CML277",483,5.265,2,6.749,20,20,6,41,12,492,14,20,4,206,206,0.4115,1.76,NA,2024-04-18,2024-04-18,NA,81.5565834717894,NA,NA,0,NA,"1","1","0","0"
2024-04-18,"8","21","1786","nightbreak","1","4","45","Tzi8",555,8.064,1,0.71,21,21,7,50,14,700,14,21,3,NA,NA,0.101,2.69,NA,NA,NA,NA,NA,NA,NA,NA,NA,"1","0","0","0"
2024-04-18,"8","22","1899","nightbreak","8","7","93","CML277",291,3.06,2,5.142,17,17,5,39,12,468,12,17,4,146,146,0.284,0.93,NA,NA,NA,NA,NA,NA,NA,NA,NA,"1","0","0","0"
2024-04-18,"8","23","1782","nightbreak","2","3","32","Tzi8",564,9.629,1,1.373,21,21,6,42,14,588,15,21,4,253.5,253.5,0.174,3.1,NA,NA,NA,NA,NA,NA,NA,NA,NA,"1","0","0","0"
2024-04-18,"8","24","1903","nightbreak","3","3","37","Tzi8",570,8.527,2,5.714,20,20,5,48,14,672,15,20,3,236,236,0.649,2.69,NA,NA,NA,NA,NA,NA,NA,NA,NA,"1","0","0","0"
2024-04-18,"8","25","1617","nightbreak","4","12","160","Tzi8",460,8.751,1,2.818,21,21,6,43,14,602,15,21,4,236,236,0.307,2.95,2024-04-17,NA,NA,2024-04-17,NA,79.3350957646681,NA,NA,1,"1","0","1","0"
2024-04-18,"8","26","1715","control","8","9","113","Tzi9",557,9.553,1,2.506,18,18,7,52,14,728,11,18,4,223.5,223.5,0.257,3.82,2024-04-04,NA,NA,2024-04-04,NA,65.3357157684216,NA,NA,14,"1","0","1","0"
2024-04-18,"8","27","1539","nightbreak","5","8","106","Tzi8",648,5.825,2,4.899,21,21,6,41,14,574,15,21,4,260,260,0.482,1.93,2024-04-16,NA,NA,2024-04-16,NA,78.1532099553231,NA,NA,2,"1","0","1","0"
2024-04-18,"8","28","1907","nightbreak","6","9","124","Tzi8",571,8.789,2,4.65,22,22,6,42,14,588,16,22,5,257,257,0.2935,3.01,2024-04-17,NA,NA,2024-04-17,NA,80.4096898122817,NA,NA,1,"1","0","1","0"
2024-04-18,"8","29","1918","control","8","8","99","LH123Ht",474,5.28,2,5.236,16,16,5,36,12,432,11,16,3,253.5,253.5,0.349,1.66,2024-04-04,NA,NA,2024-04-04,NA,64.2109756872823,NA,NA,14,"1","0","1","0"
2024-04-18,"8","30","1596","control","6","10","133","Tzi8",432,5.014,1,5.335,20,20,6,51,14,714,14,20,3,234,234,0.596,1.72,2024-04-15,NA,NA,2024-04-15,NA,77.9971776933974,NA,NA,3,"1","0","1","0"
2024-04-18,"8","31","1920","control","7","10","127","Tzi8",592,7.543,1,3.481,21,21,7,38,16,608,14,21,4,222,222,0.455,2.32,NA,NA,NA,NA,NA,NA,NA,NA,NA,"1","0","0","0"
2024-04-18,"8","32","1670","nightbreak","7","8","111","Tzi8",506,6.332,1,0.762,21,21,6,44,14,616,15,21,4,234.5,234.5,0.102,1.98,NA,NA,NA,NA,NA,NA,NA,NA,NA,"1","0","0","0"
2024-04-18,"8","33","1679","nightbreak","7","3","39","CML373",NA,9.285,3,8.736,20,20,4,34,14,476,16,20,4,201,201,0.369,2.94,NA,NA,NA,NA,NA,NA,NA,NA,NA,"1","0","0","0"
2024-04-18,"8","34","1656","nightbreak","8","11","142","Tzi8",465,6.02,2,5.099,21,21,6,44,14,616,15,21,4,219,219,0.324,2.05,2024-04-17,2024-04-18,2024-04-18,2024-04-17,81.5565834717894,80.4096898122817,1.1468936595077,0,1,"1","1","1","1"
2024-04-18,"8","35","1725","control","8","9","125","Tzi8",514,6.085,1,0.563,20,20,6,44,16,704,14,20,3,NA,NA,0.071,1.88,NA,NA,NA,NA,NA,NA,NA,NA,NA,"1","0","0","0"
2024-04-18,"8","36","1857","control","1","9","119","CML258",551,6.553,1,6.443,20,20,5,38,12,456,15,20,4,170,170,0.737,1.85,NA,NA,NA,NA,NA,NA,NA,NA,NA,"1","0","0","0"
2024-04-18,"8","37","1860","control","2","9","122","CML258",152,NA,NA,NA,21,21,NA,NA,NA,NA,NA,16,8,NA,NA,NA,NA,NA,NA,NA,NA,NA,NA,NA,NA,NA,"0","0","0","0"
2024-04-18,"8","38","1653","nightbreak","2","12","152","CML258",384,NA,NA,NA,20,21,NA,NA,NA,NA,NA,17,4,NA,NA,NA,NA,NA,NA,NA,NA,NA,NA,NA,NA,NA,"0","0","0","0"
2024-04-18,"8","39","1669","nightbreak","3","8","112","CML258",537,NA,NA,NA,22,23,NA,NA,NA,NA,NA,21,6,NA,NA,NA,2.68,NA,NA,NA,NA,NA,NA,NA,NA,NA,"0","0","0","0"
2024-04-18,"8","40","1844","control","3","1","6","CML258",383,10.682,NA,NA,21,21,NA,NA,NA,NA,NA,17,NA,NA,NA,NA,1.59,NA,NA,NA,NA,NA,NA,NA,NA,NA,"0","0","0","0"
2024-04-18,"8","41","1900","nightbreak","4","7","94","CML258",488,6.693,NA,NA,21,21,NA,NA,NA,NA,NA,20,NA,NA,NA,NA,1.42,NA,NA,NA,NA,NA,NA,NA,NA,NA,"0","0","0","0"
2024-04-18,"8","42","1781","nightbreak","5","3","31","CML258",139,NA,NA,NA,18,21,NA,NA,NA,NA,NA,16,4,NA,NA,NA,NA,NA,NA,NA,NA,NA,NA,NA,NA,NA,"0","0","0","0"
2024-04-18,"8","43","1917","control","4","7","98","CML258",510,11.93,NA,NA,21,21,NA,NA,NA,NA,NA,19,6,NA,NA,NA,2.65,NA,NA,NA,NA,NA,NA,NA,NA,NA,"0","0","0","0"
2024-04-18,"8","44","1480","control","5","6","81","CML258",472,9.844,NA,NA,21,21,NA,NA,NA,NA,NA,20,5,NA,NA,NA,2.29,NA,NA,NA,NA,NA,NA,NA,NA,NA,"0","0","0","0"
2024-04-18,"8","45","1601","control","6","2","24","CML258",310,NA,NA,NA,20,20,NA,NA,NA,NA,NA,16,4,NA,NA,NA,NA,NA,NA,NA,NA,NA,NA,NA,NA,NA,"0","0","0","0"
2024-04-18,"8","46","1667","nightbreak","6","1","12","CML258",422,NA,NA,NA,22,22,NA,NA,NA,NA,NA,19,6,NA,NA,NA,1.73,NA,NA,NA,NA,NA,NA,NA,NA,NA,"0","0","0","0"
2024-04-18,"8","47","1536","nightbreak","7","12","153","CML258",580,16.475,NA,NA,21,21,NA,NA,NA,NA,NA,19,4,NA,NA,NA,3.9,NA,NA,NA,NA,NA,NA,NA,NA,NA,"0","0","0","0"
2024-04-18,"8","48","1728","control","7","2","15","CML258",502,13.048,NA,NA,22,23,NA,NA,NA,NA,NA,19,6,NA,NA,NA,1.9,NA,NA,NA,NA,NA,NA,NA,NA,NA,"0","0","0","0"
2024-04-18,"8","49","1837","control","8","5","59","CML258",497,9.959,NA,NA,21,21,NA,NA,NA,NA,NA,20,5,NA,NA,NA,2.76,NA,NA,NA,NA,NA,NA,NA,NA,NA,"0","0","0","0"
2024-04-18,"8","50","1545","nightbreak","8","5","67","CML373",422,7.945,NA,NA,20,20,NA,NA,NA,NA,NA,17,4,NA,NA,NA,2.35,NA,NA,NA,NA,NA,NA,NA,NA,NA,"0","0","0","0"
2024-04-18,"8","51","1546","nightbreak","8","6","74","CML258",421,5.083,NA,NA,22,23,NA,NA,NA,NA,NA,20,5,NA,NA,NA,0.87,NA,NA,NA,NA,NA,NA,NA,NA,NA,"0","0","0","0"
